url,scheme,doc_type,publisher,fetched_at,status,notes
https://www.sebi.gov.in/sebiweb/home/HomeAction.do?do=yes,General,regulatory,sebi.gov.in,2026-09-30T00:00:00+00:00,success,13715 chars
https://www.amfiindia.com/,General,investor_education,amfiindia.com,2026-09-30T00:00:00+00:00,success,2029 chars
https://www.amfiindia.com/research-information,General,investor_education,amfiindia.com,2026-09-30T00:00:00+00:00,success,2055 chars
https://www.hdfcfund.com/explore/mutual-funds/hdfc-small-cap-fund/direct,HDFC Small Cap Fund,scheme_page,hdfcfund.com,2026-10-01T00:00:00+00:00,success,wayback_machine
https://www.hdfcfund.com/explore/mutual-funds/hdfc-large-cap-fund/direct,HDFC Large Cap Fund,scheme_page,hdfcfund.com,2026-10-01T00:00:00+00:00,success,wayback_machine
https://www.hdfcfund.com/explore/mutual-funds/hdfc-flexi-cap-fund/direct,HDFC Flexi Cap Fund,scheme_page,hdfcfund.com,2026-10-01T00:00:00+00:00,success,wayback_machine
https://www.hdfcfund.com/explore/mutual-funds/hdfc-balanced-advantage-fund/direct,HDFC Balanced Advantage Fund,scheme_page,hdfcfund.com,2026-10-01T00:00:00+00:00,success,wayback_machine
https://www.hdfcfund.com/explore/mutual-funds/hdfc-elss-tax-saver-fund/direct,HDFC ELSS Tax Saver Fund,scheme_page,hdfcfund.com,2026-10-01T00:00:00+00:00,success,wayback_machine
https://www.hdfcfund.com/learners-corner/beginner/how-get-capital-gain-statement-mutual-fund-schemes-india,General,capital_gains_guide,hdfcfund.com,2026-10-01T00:00:00+00:00,success,8158 chars
